<?xml version="1.0" encoding="UTF-8"?>
<premis:premis version="3.0" xmlns:xsi="http://www.w3.org/2001/XMLSchema-instance" xmlns:premis="http://www.loc.gov/premis/v3" xsi:schemaLocation="http://www.loc.gov/premis/v3 https://www.loc.gov/standards/premis/premis.xsd">

    <premis:object xsi:type="premis:representation">

        <!-- Create PREMIS object for the representation itself -->
        <premis:objectIdentifier>
            <premis:objectIdentifierType>UUID</premis:objectIdentifierType>
            <premis:objectIdentifierValue>uuid-be3538f9-4f00-4a92-ad63-c4b12e06fc99</premis:objectIdentifierValue>
        </premis:objectIdentifier>

        <!-- relationship between representation and its files, detailed below -->
        <premis:relationship>
            <premis:relationshipType authority="relationshipType" authorityURI="http://id.loc.gov/vocabulary/preservation/relationshipType" valueURI="http://id.loc.gov/vocabulary/preservation/relationshipType/str">structural</premis:relationshipType>
            <premis:relationshipSubType authority="relationshipSubType" authorityURI="http://id.loc.gov/vocabulary/preservation/relationshipSubType" valueURI="http://id.loc.gov/vocabulary/preservation/relationshipSubType/inc">includes</premis:relationshipSubType>
            <premis:relatedObjectIdentifier>
                <premis:relatedObjectIdentifierType>UUID</premis:relatedObjectIdentifierType>
                <premis:relatedObjectIdentifierValue>uuid-2e9943fb-9b5a-4fd4-846f-3ad7a60e5824</premis:relatedObjectIdentifierValue>
            </premis:relatedObjectIdentifier>
            <premis:relatedObjectIdentifier>
                <premis:relatedObjectIdentifierType>UUID</premis:relatedObjectIdentifierType>
                <premis:relatedObjectIdentifierValue>uuid-0d2d63c7-4a29-48ca-ae06-5e7c6f8aa7fd</premis:relatedObjectIdentifierValue>
            </premis:relatedObjectIdentifier>
        </premis:relationship>

        <!-- relationship between representation and its IE -->
        <!-- uuid from metadata/preservation/premis.xml -->
        <premis:relationship>
            <premis:relationshipType authority="relationshipType" authorityURI="http://id.loc.gov/vocabulary/preservation/relationshipType" valueURI="http://id.loc.gov/vocabulary/preservation/relationshipType/str">structural</premis:relationshipType>
            <premis:relationshipSubType authority="relationshipSubType" authorityURI="http://id.loc.gov/vocabulary/preservation/relationshipSubType" valueURI="http://id.loc.gov/vocabulary/preservation/relationshipSubType/rep">represents</premis:relationshipSubType>
            <premis:relatedObjectIdentifier>
                <premis:relatedObjectIdentifierType>UUID</premis:relatedObjectIdentifierType>
                <premis:relatedObjectIdentifierValue>uuid-9f07a3eb-1edb-4119-a98e-83ec7fd8d61c</premis:relatedObjectIdentifierValue>
            </premis:relatedObjectIdentifier>
        </premis:relationship>
    </premis:object>

    <premis:object xsi:type="premis:file">

        <premis:objectIdentifier>
            <premis:objectIdentifierType>UUID</premis:objectIdentifierType>
            <premis:objectIdentifierValue>uuid-2e9943fb-9b5a-4fd4-846f-3ad7a60e5824</premis:objectIdentifierValue>
        </premis:objectIdentifier>

        <premis:objectCharacteristics>
            <premis:fixity>
                <premis:messageDigestAlgorithm authority="cryptographicHashFunctions" authorityURI="http://id.loc.gov/vocabulary/preservation/cryptographicHashFunctions" valueURI="http://id.loc.gov/vocabulary/preservation/cryptographicHashFunctions/md5">
                    MD5
                </premis:messageDigestAlgorithm>
                <premis:messageDigest>127c59bac820fea714814d335b5d0a71</premis:messageDigest>
            </premis:fixity>
            <premis:size>665256</premis:size>
            <premis:format>
                <premis:formatRegistry>
                    <premis:formatRegistryName>PRONOM</premis:formatRegistryName>
                    <premis:formatRegistryKey>fmt/1507</premis:formatRegistryKey>
                    <premis:formatRegistryRole authority="formatRegistryRole" authorityURI="http://id.loc.gov/vocabulary/preservation/formatRegistryRole" valueURI="http://id.loc.gov/vocabulary/preservation/formatRegistryRole/spe">specification</premis:formatRegistryRole>
                </premis:formatRegistry>
            </premis:format>
        </premis:objectCharacteristics>

        <premis:originalName>x05x63cx2j_19141125_0001.jpg</premis:originalName>

        <!-- relationship between file and its representation -->
        <premis:relationship>
            <premis:relationshipType authority="relationshipType" authorityURI="http://id.loc.gov/vocabulary/preservation/relationshipType" valueURI="http://id.loc.gov/vocabulary/preservation/relationshipType/str">structural</premis:relationshipType>
            <premis:relationshipSubType authority="relationshipSubType" authorityURI="http://id.loc.gov/vocabulary/preservation/relationshipSubType" valueURI="http://id.loc.gov/vocabulary/preservation/relationshipSubType/isi">is included in</premis:relationshipSubType>
            <premis:relatedObjectIdentifier>
                <premis:relatedObjectIdentifierType>UUID</premis:relatedObjectIdentifierType>
                <premis:relatedObjectIdentifierValue>uuid-be3538f9-4f00-4a92-ad63-c4b12e06fc99</premis:relatedObjectIdentifierValue>
            </premis:relatedObjectIdentifier>
        </premis:relationship>

        <!-- relationship between jpg file and its alto encoded text -->
        <premis:relationship>
            <premis:relationshipType authority="relationshipType" authorityURI="http://id.loc.gov/vocabulary/preservation/relationshipType" valueURI="http://id.loc.gov/vocabulary/preservation/relationshipType/der">derivation</premis:relationshipType>
            <premis:relationshipSubType authority="relationshipSubType" authorityURI="http://id.loc.gov/vocabulary/preservation/relationshipSubType" valueURI="http://id.loc.gov/vocabulary/preservation/relationshipSubType/iso">is source of</premis:relationshipSubType>
            <premis:relatedObjectIdentifier>
                <premis:relatedObjectIdentifierType>UUID</premis:relatedObjectIdentifierType>
                <premis:relatedObjectIdentifierValue>uuid-df553be9-759a-4560-b8e7-9b06d220b57c</premis:relatedObjectIdentifierValue>
            </premis:relatedObjectIdentifier>
            <premis:relatedEventIdentifier>
                <premis:relatedEventIdentifierType>UUID</premis:relatedEventIdentifierType>
                <premis:relatedEventIdentifierValue>uuid-b05d1f1b-fc5d-4a55-819a-ffb5ce2c1f1e</premis:relatedEventIdentifierValue>
            </premis:relatedEventIdentifier>
        </premis:relationship>

    </premis:object>

    <premis:object xsi:type="premis:file">

        <premis:objectIdentifier>
            <premis:objectIdentifierType>UUID</premis:objectIdentifierType>
            <premis:objectIdentifierValue>uuid-0d2d63c7-4a29-48ca-ae06-5e7c6f8aa7fd</premis:objectIdentifierValue>
        </premis:objectIdentifier>

        <premis:objectCharacteristics>
            <premis:fixity>
                <premis:messageDigestAlgorithm authority="cryptographicHashFunctions" authorityURI="http://id.loc.gov/vocabulary/preservation/cryptographicHashFunctions" valueURI="http://id.loc.gov/vocabulary/preservation/cryptographicHashFunctions/md5">
                    MD5
                </premis:messageDigestAlgorithm>
                <premis:messageDigest>60c29e79518b0e0af74c04c54c188728</premis:messageDigest>
            </premis:fixity>
            <premis:size>743858</premis:size>
            <premis:format>
                <premis:formatRegistry>
                    <premis:formatRegistryName>PRONOM</premis:formatRegistryName>
                    <premis:formatRegistryKey>fmt/1507</premis:formatRegistryKey>
                    <premis:formatRegistryRole authority="formatRegistryRole" authorityURI="http://id.loc.gov/vocabulary/preservation/formatRegistryRole" valueURI="http://id.loc.gov/vocabulary/preservation/formatRegistryRole/spe">specification</premis:formatRegistryRole>
                </premis:formatRegistry>
            </premis:format>
        </premis:objectCharacteristics>

        <premis:originalName>x05x63cx2j_19141125_0002.jpg</premis:originalName>

        <!-- relationship between file and its representation -->
        <premis:relationship>
            <premis:relationshipType authority="relationshipType" authorityURI="http://id.loc.gov/vocabulary/preservation/relationshipType" valueURI="http://id.loc.gov/vocabulary/preservation/relationshipType/str">structural</premis:relationshipType>
            <premis:relationshipSubType authority="relationshipSubType" authorityURI="http://id.loc.gov/vocabulary/preservation/relationshipSubType" valueURI="http://id.loc.gov/vocabulary/preservation/relationshipSubType/isi">is included in</premis:relationshipSubType>
            <premis:relatedObjectIdentifier>
                <premis:relatedObjectIdentifierType>UUID</premis:relatedObjectIdentifierType>
                <premis:relatedObjectIdentifierValue>uuid-be3538f9-4f00-4a92-ad63-c4b12e06fc99</premis:relatedObjectIdentifierValue>
            </premis:relatedObjectIdentifier>
        </premis:relationship>

        <!-- relationship between tiff file and its alto encoded text -->
        <premis:relationship>
            <premis:relationshipType authority="relationshipType" authorityURI="http://id.loc.gov/vocabulary/preservation/relationshipType" valueURI="http://id.loc.gov/vocabulary/preservation/relationshipType/der">derivation</premis:relationshipType>
            <premis:relationshipSubType authority="relationshipSubType" authorityURI="http://id.loc.gov/vocabulary/preservation/relationshipSubType" valueURI="http://id.loc.gov/vocabulary/preservation/relationshipSubType/iso">is source of</premis:relationshipSubType>
            <premis:relatedObjectIdentifier>
                <premis:relatedObjectIdentifierType>UUID</premis:relatedObjectIdentifierType>
                <premis:relatedObjectIdentifierValue>uuid-4f8f37ab-a3f0-478c-becb-3e1826663558</premis:relatedObjectIdentifierValue>
            </premis:relatedObjectIdentifier>
            <premis:relatedEventIdentifier>
                <premis:relatedEventIdentifierType>UUID</premis:relatedEventIdentifierType>
                <premis:relatedEventIdentifierValue>uuid-b05d1f1b-fc5d-4a55-819a-ffb5ce2c1f1e</premis:relatedEventIdentifierValue>
            </premis:relatedEventIdentifier>
        </premis:relationship>

    </premis:object>

</premis:premis>