<?xml version="1.0" encoding="UTF-8" standalone="yes"?>
<mets xmlns:xsi="http://www.w3.org/2001/XMLSchema-instance" xmlns:sip="https://DILCIS.eu/XML/METS/SIPExtensionMETS" xmlns="http://www.loc.gov/METS/" xmlns:csip="https://DILCIS.eu/XML/METS/CSIPExtensionMETS" xmlns:xlink="http://www.w3.org/1999/xlink" OBJID="meemoo_E-ARK_SIP" LABEL="" TYPE="Textual works – Print" csip:CONTENTINFORMATIONTYPE="OTHER" csip:OTHERCONTENTINFORMATIONTYPE="https://data.hetarchief.be/id/sip/2.0/bibliographic" PROFILE="https://earksip.dilcis.eu/profile/E-ARK-SIP.xml" xsi:schemaLocation="http://www.loc.gov/METS/ schemas/mets1_12.xsd http://www.w3.org/1999/xlink schemas/xlink.xsd https://dilcis.eu/XML/METS/CSIPExtensionMETS schemas/DILCISExtensionMETS.xsd https://dilcis.eu/XML/METS/SIPExtensionMETS schemas/DILCISExtensionSIPMETS.xsd">
    <metsHdr CREATEDATE="2024-09-13T09:54:44.261+02:00" LASTMODDATE="2024-09-13T09:54:44.261+02:00" RECORDSTATUS="NEW" csip:OAISPACKAGETYPE="SIP">
        <agent ROLE="CREATOR" TYPE="OTHER" OTHERTYPE="SOFTWARE">
            <name>meemoo SIP creator</name>
            <note csip:NOTETYPE="SOFTWARE VERSION">0.1.0</note>
        </agent>
        <agent ROLE="ARCHIVIST" TYPE="ORGANIZATION">
            <name>UGent</name>
            <note csip:NOTETYPE="IDENTIFICATIONCODE">OR-0z70w1b</note>
        </agent>
    </metsHdr>
    <dmdSec ID="uuid-6D38BDD4-C0A1-4DFA-BAD0-A8C0BE3CF015" CREATED="2024-09-13T09:54:44.308+02:00" STATUS="CURRENT">
        <mdRef ID="ID-uuid-C606BB8D-CDD8-4DFC-ABFA-BACEDA047706" LOCTYPE="URL" MIMETYPE="application/xml" SIZE="4194" CREATED="2024-09-13T09:54:44.308+02:00" CHECKSUM="B5C9C8BEBF36F6E09DFC3F00E1F034E6" CHECKSUMTYPE="MD5" MDTYPE="MODS" xlink:type="simple" xlink:href="metadata/descriptive/mods.xml"/>
    </dmdSec>
    <amdSec ID="uuid-838456DE-B357-4CDD-B712-FC5A14EBB916">
        <digiprovMD ID="uuid-1CBFB8F9-45CA-4C7E-872A-E11521F18818" STATUS="CURRENT">
            <mdRef ID="ID-uuid-249A4CF4-2FBA-4D3C-A6E6-8BE72B54950E" LOCTYPE="URL" MIMETYPE="application/xml" SIZE="6042" CREATED="2024-09-13T09:54:44.310+02:00" CHECKSUM="A5079A405CD0C36AE6F423277C64B7C5" CHECKSUMTYPE="MD5" MDTYPE="OTHER" xlink:type="simple" xlink:href="metadata/preservation/premis.xml"/>
        </digiprovMD>
    </amdSec>
    <fileSec ID="uuid-C0A90648-6079-4905-8EE6-E025E86B0341">
        <fileGrp ID="uuid-63AD5902-9BEE-442C-A429-6EE6E52BF6B7" USE="Schemas">
            <file ID="ID-CCDD5676-3BBB-4317-94EA-3703712CF366" MIMETYPE="application/octet-stream" SIZE="2038" CREATED="2024-09-13T09:54:44.324+02:00" CHECKSUM="EB72EF8AB5B1C93801DFACBFE6AA8E27" CHECKSUMTYPE="MD5">
                <FLocat LOCTYPE="URL" xlink:type="simple" xlink:href="schemas/DILCISExtensionMETS.xsd"/>
            </file>
            <file ID="ID-3475A6CB-84DA-4A9D-878F-B9D2DA0F6927" MIMETYPE="application/octet-stream" SIZE="499" CREATED="2024-09-13T09:54:44.325+02:00" CHECKSUM="83DA1FF6F35ADEECE3CCCFB5E2E9F83A" CHECKSUMTYPE="MD5">
                <FLocat LOCTYPE="URL" xlink:type="simple" xlink:href="schemas/DILCISExtensionSIPMETS.xsd"/>
            </file>
            <file ID="ID-26103FD7-3F9F-4681-A980-B02BECE465B6" MIMETYPE="application/octet-stream" SIZE="137125" CREATED="2024-09-13T09:54:44.325+02:00" CHECKSUM="0504DEDC1251E87D7E85F9FF2DBADC0D" CHECKSUMTYPE="MD5">
                <FLocat LOCTYPE="URL" xlink:type="simple" xlink:href="schemas/mets1_12.xsd"/>
            </file>
            <file ID="ID-4FA6F66A-5CD3-497E-AE20-F52F40CAEFC2" MIMETYPE="application/octet-stream" SIZE="3180" CREATED="2024-09-13T09:54:44.326+02:00" CHECKSUM="6BDC7F9459A502964F889D70A335CECE" CHECKSUMTYPE="MD5">
                <FLocat LOCTYPE="URL" xlink:type="simple" xlink:href="schemas/xlink.xsd"/>
            </file>
        </fileGrp>
        <fileGrp ID="uuid-3300A4EB-6820-45F1-A8C2-2D623935B1C2" USE="Documentation">
            <file ID="ID-DC30BD08-38DC-4E12-BAD2-9A7B75DC26D6" MIMETYPE="text/plain" SIZE="0" CREATED="2024-09-13T09:54:44.326+02:00" CHECKSUM="D41D8CD98F00B204E9800998ECF8427E" CHECKSUMTYPE="MD5">
                <FLocat LOCTYPE="URL" xlink:type="simple" xlink:href="documentation/doc.txt"/>
            </file>
        </fileGrp>
        <fileGrp ID="uuid-ABA4D8AE-4FAB-4D0B-9544-DE44D8718D78" USE="Representations/representation_1" csip:CONTENTINFORMATIONTYPE="OTHER" csip:OTHERCONTENTINFORMATIONTYPE="https://data.hetarchief.be/id/sip/2.0/bibliographic">
            <file ID="ID-ED5812A9-80AE-4C8B-96A8-A5375AE0754E" MIMETYPE="application/xml" SIZE="2862" CREATED="2024-09-13T09:54:44.527+02:00" CHECKSUM="800CD686EE244F81A9BFAB383A127164" CHECKSUMTYPE="MD5">
                <FLocat LOCTYPE="URL" xlink:type="simple" xlink:href="representations/representation_1/METS.xml"/>
            </file>
        </fileGrp>
        <fileGrp ID="uuid-BEF079CD-CD4B-4D47-9912-2D233D98EF92" USE="Representations/representation_2" csip:CONTENTINFORMATIONTYPE="OTHER" csip:OTHERCONTENTINFORMATIONTYPE="https://data.hetarchief.be/id/sip/2.0/bibliographic">
            <file ID="ID-D2D42A72-8E63-4D2D-9F84-6586B00F4A41" MIMETYPE="application/xml" SIZE="2882" CREATED="2024-09-13T09:54:44.562+02:00" CHECKSUM="3076FDE1F415D0EA5C4451AC8A301BFE" CHECKSUMTYPE="MD5">
                <FLocat LOCTYPE="URL" xlink:type="simple" xlink:href="representations/representation_2/METS.xml"/>
            </file>
        </fileGrp>
    </fileSec>
    <structMap ID="uuid-E960A51C-DC31-4F4D-9AA9-768E9435648E" TYPE="PHYSICAL" LABEL="CSIP">
        <div ID="uuid-F8409086-51AE-4E4E-8D5F-17173A1E8202" LABEL="meemoo_E-ARK_SIP">
            <div ID="uuid-2575FD65-6CA3-4531-A604-2D672B639E69" DMDID="uuid-6D38BDD4-C0A1-4DFA-BAD0-A8C0BE3CF015" ADMID="uuid-1CBFB8F9-45CA-4C7E-872A-E11521F18818" LABEL="Metadata"/>
            <div ID="uuid-DC0394CE-9F70-40C5-BADE-F1638229CDD0" LABEL="Schemas">
                <fptr FILEID="uuid-63AD5902-9BEE-442C-A429-6EE6E52BF6B7"/>
            </div>
            <div ID="uuid-3A0A7E3F-B9AB-40E3-AAEB-D2AB98F0A08D" LABEL="Documentation">
                <fptr FILEID="uuid-3300A4EB-6820-45F1-A8C2-2D623935B1C2"/>
            </div>
            <div ID="uuid-06669E60-081B-48B7-AD0A-76ED373F3A79" LABEL="Representations/representation_1">
                <mptr LOCTYPE="URL" xlink:type="simple" xlink:href="representations/representation_1/METS.xml" xlink:title="uuid-ABA4D8AE-4FAB-4D0B-9544-DE44D8718D78"/>
            </div>
            <div ID="uuid-DE59C6A6-050E-4340-BC86-FB0ED1F09973" LABEL="Representations/representation_2">
                <mptr LOCTYPE="URL" xlink:type="simple" xlink:href="representations/representation_2/METS.xml" xlink:title="uuid-BEF079CD-CD4B-4D47-9912-2D233D98EF92"/>
            </div>
        </div>
    </structMap>
</mets>
