<?xml version="1.0" encoding="UTF-8"?>
<premis:premis version="3.0" xmlns:xsi="http://www.w3.org/2001/XMLSchema-instance" xmlns:premis="http://www.loc.gov/premis/v3" xsi:schemaLocation="http://www.loc.gov/premis/v3 https://www.loc.gov/standards/premis/premis.xsd">

    <!-- IE for the newspaper edition -->
    <premis:object xsi:type="premis:intellectualEntity">

        <premis:objectIdentifier>
            <premis:objectIdentifierType>UUID</premis:objectIdentifierType>
            <premis:objectIdentifierValue>uuid-9f07a3eb-1edb-4119-a98e-83ec7fd8d61c</premis:objectIdentifierValue>
        </premis:objectIdentifier>

        <!-- relationship with representation 1: JPEGs -->
        <premis:relationship>
            <premis:relationshipType authority="relationshipType" authorityURI="http://id.loc.gov/vocabulary/preservation/relationshipType" valueURI="http://id.loc.gov/vocabulary/preservation/relationshipType/str">structural</premis:relationshipType>
            <premis:relationshipSubType authority="relationshipSubType" authorityURI="http://id.loc.gov/vocabulary/preservation/relationshipSubType" valueURI="http://id.loc.gov/vocabulary/preservation/relationshipSubType/isr">is represented by</premis:relationshipSubType>
            <premis:relatedObjectIdentifier>
                <premis:relatedObjectIdentifierType>UUID</premis:relatedObjectIdentifierType>
                <premis:relatedObjectIdentifierValue>uuid-be3538f9-4f00-4a92-ad63-c4b12e06fc99</premis:relatedObjectIdentifierValue>
            </premis:relatedObjectIdentifier>
        </premis:relationship>

        <!-- relationship with representation 2: ALTO XMLs -->
        <premis:relationship>
            <premis:relationshipType authority="relationshipType" authorityURI="http://id.loc.gov/vocabulary/preservation/relationshipType" valueURI="http://id.loc.gov/vocabulary/preservation/relationshipType/str">structural</premis:relationshipType>
            <premis:relationshipSubType authority="relationshipSubType" authorityURI="http://id.loc.gov/vocabulary/preservation/relationshipSubType" valueURI="http://id.loc.gov/vocabulary/preservation/relationshipSubType/isr">is represented by</premis:relationshipSubType>
            <premis:relatedObjectIdentifier>
                <premis:relatedObjectIdentifierType>UUID</premis:relatedObjectIdentifierType>
                <premis:relatedObjectIdentifierValue>uuid-f59f6fc6-bd50-4cb2-ae41-2a29eec96e52</premis:relatedObjectIdentifierValue>
            </premis:relatedObjectIdentifier>
        </premis:relationship>

    </premis:object>

    <!-- Transcription event for generating ALTO XML from JPEG via OCR -->
    <premis:event>
        <premis:eventIdentifier>
            <premis:eventIdentifierType>UUID</premis:eventIdentifierType>
            <premis:eventIdentifierValue>uuid-b05d1f1b-fc5d-4a55-819a-ffb5ce2c1f1e</premis:eventIdentifierValue>
        </premis:eventIdentifier>
        <premis:eventType>transcription</premis:eventType>
        <!-- date contained in alto files -->
        <!-- alto/Description/OCRProcessing/ocrProcessingStep/processingDateTime -->
        <premis:eventDateTime>2015-06-30T06:09:24</premis:eventDateTime>
        <premis:eventDetailInformation>
            <premis:eventDetail>Generate ALTO XML from TIFF via OCR</premis:eventDetail>
        </premis:eventDetailInformation>
        <premis:linkingAgentIdentifier>
            <premis:linkingAgentIdentifierType>UUID</premis:linkingAgentIdentifierType>
            <!-- Links to agent defined just below -->
            <premis:linkingAgentIdentifierValue>uuid-29e1716b-55a3-4e98-bcf5-ea3a57ca469c</premis:linkingAgentIdentifierValue>
            <premis:linkingAgentRole valueURI="http://id.loc.gov/vocabulary/preservation/eventRelatedAgentRole/exe">executing program</premis:linkingAgentRole>
        </premis:linkingAgentIdentifier>
        <premis:linkingObjectIdentifier>
            <premis:linkingObjectIdentifierType>UUID</premis:linkingObjectIdentifierType>
            <!-- links to uuid of representation containing JPEG files -->
            <premis:linkingObjectIdentifierValue>uuid-be3538f9-4f00-4a92-ad63-c4b12e06fc99</premis:linkingObjectIdentifierValue>
            <premis:linkingObjectRole valueURI="http://id.loc.gov/vocabulary/preservation/eventRelatedObjectRole/sou">source</premis:linkingObjectRole>
        </premis:linkingObjectIdentifier>
        <premis:linkingObjectIdentifier>
            <premis:linkingObjectIdentifierType>UUID</premis:linkingObjectIdentifierType>
            <!-- links to uuid of representation containing alto files -->
            <premis:linkingObjectIdentifierValue>uuid-f59f6fc6-bd50-4cb2-ae41-2a29eec96e52</premis:linkingObjectIdentifierValue>
            <premis:linkingObjectRole valueURI="http://id.loc.gov/vocabulary/preservation/eventRelatedObjectRole/out">outcome</premis:linkingObjectRole>
        </premis:linkingObjectIdentifier>
    </premis:event>

    <premis:agent>
        <premis:agentIdentifier>
            <premis:agentIdentifierType>UUID</premis:agentIdentifierType>
            <premis:agentIdentifierValue>uuid-29e1716b-55a3-4e98-bcf5-ea3a57ca469c</premis:agentIdentifierValue>
        </premis:agentIdentifier>
        <!-- date contained in alto files -->
        <!-- alto/Description/OCRProcessing/ocrProcessingStep/processingSoftware/softwareName -->
        <premis:agentName>ABBYY FineReader Engine 10.0</premis:agentName>
        <premis:agentType>software</premis:agentType>
        <!-- alto/Description/OCRProcessing/ocrProcessingStep/processingSoftware/softwareVersion -->
        <premis:agentVersion>10.0</premis:agentVersion>
        <premis:linkingEventIdentifier>
            <premis:linkingEventIdentifierType>UUID</premis:linkingEventIdentifierType>
            <!-- Links to event defined just above -->
            <premis:linkingEventIdentifierValue>uuid-b05d1f1b-fc5d-4a55-819a-ffb5ce2c1f1e</premis:linkingEventIdentifierValue>
        </premis:linkingEventIdentifier>
    </premis:agent>

</premis:premis>
