<?xml version="1.0" encoding="UTF-8" standalone="yes"?>
<mets xmlns:xsi="http://www.w3.org/2001/XMLSchema-instance" xmlns:sip="https://DILCIS.eu/XML/METS/SIPExtensionMETS" xmlns="http://www.loc.gov/METS/" xmlns:csip="https://DILCIS.eu/XML/METS/CSIPExtensionMETS" xmlns:xlink="http://www.w3.org/1999/xlink" OBJID="representation_1" LABEL="" TYPE="Textual works – Print" csip:CONTENTINFORMATIONTYPE="OTHER" csip:OTHERCONTENTINFORMATIONTYPE="https://data.hetarchief.be/id/sip/2.0/bibliographic" PROFILE="https://earksip.dilcis.eu/profile/E-ARK-SIP-v2-1-0.xml" xsi:schemaLocation="http://www.loc.gov/METS/ ../../schemas/mets1_12.xsd http://www.w3.org/1999/xlink ../../schemas/xlink.xsd https://dilcis.eu/XML/METS/CSIPExtensionMETS ../../schemas/DILCISExtensionMETS.xsd https://dilcis.eu/XML/METS/SIPExtensionMETS ../../schemas/DILCISExtensionSIPMETS.xsd">
    <metsHdr CREATEDATE="2024-09-13T09:54:44.311+02:00" LASTMODDATE="2024-09-13T09:54:44.311+02:00" RECORDSTATUS="NEW" csip:OAISPACKAGETYPE="SIP"/>
    <amdSec ID="uuid-B289FB53-833F-4625-9E00-6813603CDD8C">
        <digiprovMD ID="uuid-A209E7B5-AC1B-4389-A3F3-C912AAB2F770" STATUS="CURRENT">
            <mdRef ID="ID-uuid-1C7E489C-566C-478A-B668-653EDFD224EC" LOCTYPE="URL" MIMETYPE="application/xml" SIZE="10680" CREATED="2024-09-13T09:54:44.317+02:00" CHECKSUM="4EA2B3320DADC7B94A2F3D3AF4A9598E" CHECKSUMTYPE="MD5" MDTYPE="OTHER" xlink:type="simple" xlink:href="metadata/preservation/premis.xml"/>
        </digiprovMD>
    </amdSec>
    <fileSec ID="uuid-C1E9C356-463F-40EB-8456-AB240429073F">
        <fileGrp ID="uuid-36565F36-14BD-48C6-A9E4-D7B70FF257D6" USE="Data">
            <file ID="ID-15856B22-A70C-4655-954B-A648835EE8F7" MIMETYPE="image/jpeg" SIZE="665256" CREATED="2024-09-13T09:54:44.315+02:00" CHECKSUM="127C59BAC820FEA714814D335B5D0A71" CHECKSUMTYPE="MD5">
                <FLocat LOCTYPE="URL" xlink:type="simple" xlink:href="data/x05x63cx2j_19141125_0001.jpg"/>
            </file>
            <file ID="ID-2B9599F0-4A67-4EE6-BF16-4665E9225BD5" MIMETYPE="image/jpeg" SIZE="743858" CREATED="2024-09-13T09:54:44.317+02:00" CHECKSUM="60C29E79518B0E0AF74C04C54C188728" CHECKSUMTYPE="MD5">
                <FLocat LOCTYPE="URL" xlink:type="simple" xlink:href="data/x05x63cx2j_19141125_0002.jpg"/>
            </file>
        </fileGrp>
    </fileSec>
    <structMap ID="uuid-88D13BCB-C55F-4134-89EA-8BBF1EE57DF2" TYPE="PHYSICAL" LABEL="CSIP">
        <div ID="uuid-2FF2DDE2-CBEA-49F8-943C-3F5EE91C943D" TYPE="ORIGINAL" LABEL="representation_1">
            <div ID="uuid-EFBF04CC-61E2-4676-9336-5DD228064676" ADMID="uuid-A209E7B5-AC1B-4389-A3F3-C912AAB2F770" LABEL="Metadata"/>
            <div ID="uuid-4BF7CD9B-2907-4AF3-91BA-A5379B903BDF" LABEL="Data">
                <fptr FILEID="uuid-36565F36-14BD-48C6-A9E4-D7B70FF257D6"/>
            </div>
        </div>
    </structMap>
</mets>
